{
  "adf": {
    "SP500": {
      "adf_stat": 1.019510664078886,
      "pvalue": 0.9944676020278383
    },
    "NASDAQ100": {
      "adf_stat": 1.0585930149956804,
      "pvalue": 0.9948472667553364
    },
    "DOWJONES": {
      "adf_stat": 0.37326981807265064,
      "pvalue": 0.9804673342610739
    },
    "INFLATION_TIP": {
      "adf_stat": -0.8040672742752119,
      "pvalue": 0.8179244160272952
    },
    "USD_INDEX": {
      "adf_stat": -1.6096630063820272,
      "pvalue": 0.47873784987874823
    },
    "10YR_YIELD": {
      "adf_stat": -0.6890697035667345,
      "pvalue": 0.8495604530032017
    },
    "VIX": {
      "adf_stat": -4.1563646433861905,
      "pvalue": 0.0007803817089033634
    },
    "CRUDE_OIL": {
      "adf_stat": -2.293736756055715,
      "pvalue": 0.1739959501015091
    },
    "GOLD": {
      "adf_stat": 0.8597030557880061,
      "pvalue": 0.9925412488783999
    }
  },
  "cognitive": {
    "SP500": {
      "score": 0.4686642300172832,
      "label": "structural"
    },
    "NASDAQ100": {
      "score": 0.4755317168105291,
      "label": "structural"
    },
    "DOWJONES": {
      "score": 0.43792158105717593,
      "label": "structural"
    },
    "INFLATION_TIP": {
      "score": 0.5085228371810562,
      "label": "structural"
    },
    "USD_INDEX": {
      "score": 0.4925904898764353,
      "label": "structural"
    },
    "10YR_YIELD": {
      "score": 0.5893491950049596,
      "label": "structural"
    },
    "VIX": {
      "score": 0.3657384123957651,
      "label": "structural"
    },
    "CRUDE_OIL": {
      "score": 0.5372962220529199,
      "label": "structural"
    },
    "GOLD": {
      "score": 0.4750955081630692,
      "label": "structural"
    }
  }
}